Species,Antifungal,Compound
C. albicans,Amphotericin B,"( R)-(+)-Win 55,212-2 Mesylate"
C. albicans,Amphotericin B,(Ð)-Thalidomide
C. albicans,Amphotericin B,13-Cis-Retinoic Acid
C. albicans,Amphotericin B,"18-Aminoabieta-8,11,13-Triene Sulfate"
C. albicans,Amphotericin B,3Beta-Acetoxydeoxodihydrogedunin
C. albicans,Amphotericin B,A-77636 Hydrochloride
C. albicans,Amphotericin B,Aa-861
C. albicans,Amphotericin B,Actinomycin D
C. albicans,Amphotericin B,Alclometasone Dipropionate
C. albicans,Amphotericin B,Amentoflavone
C. albicans,Amphotericin B,Amiodarone Hydrochloride
C. albicans,Amphotericin B,Antimycin A
C. albicans,Amphotericin B,Asiatic Acid
C. albicans,Amphotericin B,Avermectin B1
C. albicans,Amphotericin B,Avocadyne
C. albicans,Amphotericin B,Bacitracin
C. albicans,Amphotericin B,Beclomethasone Dipropionate
C. albicans,Amphotericin B,Beta-Carotene
C. albicans,Amphotericin B,Beta-Escin
C. albicans,Amphotericin B,Bromoacetyl Alprenolol Menthane
C. albicans,Amphotericin B,Bromocriptine Mesylate
C. albicans,Amphotericin B,Bussein
C. albicans,Amphotericin B,C2 Phytoceramide
C. albicans,Amphotericin B,Candesartan Cilextil
C. albicans,Amphotericin B,Capsazepine
C. albicans,Amphotericin B,Cetirizine Hydrochloride
C. albicans,Amphotericin B,Chenodiol
C. albicans,Amphotericin B,Chlorhexidine
C. albicans,Amphotericin B,Chlorophyllide Cu Complex Na Salt
C. albicans,Amphotericin B,Cholecalciferol
C. albicans,Amphotericin B,Cholest-5-En-3-One
C. albicans,Amphotericin B,"Cholic Acid, Methyl Ester"
C. albicans,Amphotericin B,Chromomycin A3
C. albicans,Amphotericin B,Chukrasin Methyl Ether
C. albicans,Amphotericin B,Cinnarizine
C. albicans,Amphotericin B,Clofazimine
C. albicans,Amphotericin B,Clomiphene Citrate
C. albicans,Amphotericin B,Coumermycin A1
C. albicans,Amphotericin B,Cp55940
C. albicans,Amphotericin B,Cv-3988
C. albicans,Amphotericin B,Cyclosporin A
C. albicans,Amphotericin B,Cyproterone Acetate
C. albicans,Amphotericin B,Dactinomycin
C. albicans,Amphotericin B,Danazol
C. albicans,Amphotericin B,"Deacetylcolchicine, N-Formyl-"
C. albicans,Amphotericin B,Decahydrogambogic Acid
C. albicans,Amphotericin B,Deguelin
C. albicans,Amphotericin B,Deoxykhivorin
C. albicans,Amphotericin B,Diacylglycerol Kinase Inhibitor I
C. albicans,Amphotericin B,Diacylglycerol Kinase Inhibitor Ii
C. albicans,Amphotericin B,Digitonin
C. albicans,Amphotericin B,Digitoxin
C. albicans,Amphotericin B,Dihydrocelastrol
C. albicans,Amphotericin B,Dihydroergotamine Methanesulfonate
C. albicans,Amphotericin B,Dihydrogambogic Acid
C. albicans,Amphotericin B,Dihydrogedunol
C. albicans,Amphotericin B,Dl-Erythro-Dihydrosphingosine
C. albicans,Amphotericin B,Dl-Stearoylcarnitine Chloride
C. albicans,Amphotericin B,Dobutamine Hydrochloride
C. albicans,Amphotericin B,Echinomycin
C. albicans,Amphotericin B,Ellipticine
C. albicans,Amphotericin B,Entandrophragmin
C. albicans,Amphotericin B,Ethoxyquin
C. albicans,Amphotericin B,Fiduxosin Hydrochloride
C. albicans,Amphotericin B,Filipin
C. albicans,Amphotericin B,Flupirtine Maleate
C. albicans,Amphotericin B,Fluspirilen
C. albicans,Amphotericin B,Fumagillin
C. albicans,Amphotericin B,Fumonisin B2
C. albicans,Amphotericin B,Fusidic Acid
C. albicans,Amphotericin B,Gambogic Acid
C. albicans,Amphotericin B,Gambogic Acid Amide
C. albicans,Amphotericin B,Garcinolic Acid
C. albicans,Amphotericin B,Gbr 12909 Dihydrochloride
C. albicans,Amphotericin B,Gliquidone
C. albicans,Amphotericin B,Gr 127935 Hydrochloride Hydrate
C. albicans,Amphotericin B,Guaiazulene
C. albicans,Amphotericin B,Gw1929
C. albicans,Amphotericin B,Gw2974
C. albicans,Amphotericin B,Haematoporphyrin
C. albicans,Amphotericin B,Hederacoside C
C. albicans,Amphotericin B,Hederagenin
C. albicans,Amphotericin B,Homidium Bromide
C. albicans,Amphotericin B,Hycanthone
C. albicans,Amphotericin B,"Irigenin, 7-Benzyl Ether"
C. albicans,Amphotericin B,Isoreserpine
C. albicans,Amphotericin B,Ivermectin
C. albicans,Amphotericin B,Khayanthone
C. albicans,Amphotericin B,"L-162,313"
C. albicans,Amphotericin B,Loratadine
C. albicans,Amphotericin B,Lovastatin
C. albicans,Amphotericin B,"Ly-367,265"
C. albicans,Amphotericin B,Lynestrenol
C. albicans,Amphotericin B,Lysergol
C. albicans,Amphotericin B,Madecassic Acid
C. albicans,Amphotericin B,Mevastatin
C. albicans,Amphotericin B,Mezerein
C. albicans,Amphotericin B,Mifepristone
C. albicans,Amphotericin B,Mithramycin A
C. albicans,Amphotericin B,Mundulone Acetate
C. albicans,Amphotericin B,N-Arachidonylglycine
C. albicans,Amphotericin B,N-Oleoyldopamine
C. albicans,Amphotericin B,N-Oleoylethanolamine
C. albicans,Amphotericin B,Nocodazole
C. albicans,Amphotericin B,Nystatine
C. albicans,Amphotericin B,Oligomycin A
C. albicans,Amphotericin B,Paclitaxel
C. albicans,Amphotericin B,Paroxetine Hydrochloride
C. albicans,Amphotericin B,Perphenazine
C. albicans,Amphotericin B,Phorbol 12-Myristate 13-Acetate
C. albicans,Amphotericin B,Pimozide
C. albicans,Amphotericin B,Piperacetazine
C. albicans,Amphotericin B,Prochlorperazine Dimaleate
C. albicans,Amphotericin B,Propidium Iodide
C. albicans,Amphotericin B,Protoporphyrin Ix
C. albicans,Amphotericin B,Pyrromycin
C. albicans,Amphotericin B,Pyrvinium Pamoate
C. albicans,Amphotericin B,"Quercetin Tetramethyl (5,7,3',4') Ether"
C. albicans,Amphotericin B,R(-)-N-Allylnorapomorphine Hydrobromide
C. albicans,Amphotericin B,Raloxifene Hydrochloride
C. albicans,Amphotericin B,Ramelteon
C. albicans,Amphotericin B,Rescinnamin
C. albicans,Amphotericin B,Reserpine
C. albicans,Amphotericin B,Retinoic Acid P-Hydroxyanilide
C. albicans,Amphotericin B,Rhamnetine
C. albicans,Amphotericin B,Rifabutin
C. albicans,Amphotericin B,Rifampicin
C. albicans,Amphotericin B,Rifaximin
C. albicans,Amphotericin B,Ritanserin
C. albicans,Amphotericin B,Salmeterol
C. albicans,Amphotericin B,Saquinavir Mesylate
C. albicans,Amphotericin B,SB 206553 Hydrochloride
C. albicans,Amphotericin B,SB 222200
C. albicans,Amphotericin B,SB 224289 Hydrochloride
C. albicans,Amphotericin B,Se-(Methyl)Selenocysteine Hydrochloride
C. albicans,Amphotericin B,Selamectin
C. albicans,Amphotericin B,Shikonin
C. albicans,Amphotericin B,Silymarin
C. albicans,Amphotericin B,Simvastatin
C. albicans,Amphotericin B,Skf 95282 Dimaleate
C. albicans,Amphotericin B,Sulfadimethoxine
C. albicans,Amphotericin B,Syrosingopine
C. albicans,Amphotericin B,T-1032
C. albicans,Amphotericin B,Tamoxifen Citrate
C. albicans,Amphotericin B,Terfenadine
C. albicans,Amphotericin B,Tetracaine Hydrochloride
C. albicans,Amphotericin B,Tetrahydrogambogic Acid
C. albicans,Amphotericin B,Thapsigargin
C. albicans,Amphotericin B,Theaflavin Digallate
C. albicans,Amphotericin B,Theaflavin Monogallates
C. albicans,Amphotericin B,Thiethylperazine Malate
C. albicans,Amphotericin B,Thioridazine Hydrochloride
C. albicans,Amphotericin B,Thiostrepton
C. albicans,Amphotericin B,Tpmpa
C. albicans,Amphotericin B,Trifluoperazine Dihydrochloride
C. albicans,Amphotericin B,Trimethylcolchicinic Acid
C. albicans,Amphotericin B,Tyloxapol
C. albicans,Amphotericin B,Tyrothricin
C. albicans,Amphotericin B,U-62066
C. albicans,Amphotericin B,U-73122
C. albicans,Amphotericin B,U-75302
C. albicans,Amphotericin B,Uridine 5'-Diphosphate Sodium
C. albicans,Amphotericin B,Verteporfin
C. albicans,Amphotericin B,Xylazine Hydrochloride
C. albicans,Amphotericin B,Xylocarpus A
C. albicans,Amphotericin B,Yohimbine Hydrochloride
C. albicans,Amphotericin B,Ys-035 Hydrochloride
C. albicans,Amphotericin B,Zonisamide Sodium
C. albicans,Benomyl,3-Hydroxyflavone
C. albicans,Benomyl,"6-Nitroso-1,2-Benzopyrone"
C. albicans,Benomyl,Antimycin A
C. albicans,Benomyl,Carmofur
C. albicans,Benomyl,Chlorhexidine
C. albicans,Benomyl,Enilconazole
C. albicans,Benomyl,Fusaric Acid
C. albicans,Benomyl,Lysergol
C. albicans,Benomyl,Menadione
C. albicans,Benomyl,Nsc 95397
C. albicans,Benomyl,Odq
C. albicans,Benomyl,Pentamidine Isethionate
C. albicans,Benomyl,Se-(Methyl)Selenocysteine Hydrochloride
C. albicans,Benomyl,Tolfenamic Acid
C. albicans,Benomyl,Tomatidine
C. albicans,Benomyl,Yohimbinic Acid Monohydrate
C. albicans,Benomyl,Zm 39923 Hydrochloride
C. albicans,Caspofungin,(_)-Octoclothepin Maleate
C. albicans,Caspofungin,(Ð)-Methoxyverapamil Hydrochloride
C. albicans,Caspofungin,"1,10-Phenanthroline Monohydrate"
C. albicans,Caspofungin,3-Tropanyl-Indole-3-Carboxylate Hydrochloride
C. albicans,Caspofungin,3Beta-Acetoxydeoxodihydrogedunin
C. albicans,Caspofungin,4-Imidazoleacrylic Acid
C. albicans,Caspofungin,"5-Hydroxy-2',4',7,8-Tetramethoxyflavone"
C. albicans,Caspofungin,5Alpha-Cholestan-3Beta-Ol-6-One
C. albicans,Caspofungin,"7-Cyclopentyl-5-(4-Phenoxy)Phenyl-7H-Pyrrolo[2,3-D]Pyrimidin-4-Ylamine"
C. albicans,Caspofungin,8-(3-Chlorostyryl)Caffeine
C. albicans,Caspofungin,Actinomycin D
C. albicans,Caspofungin,Adenosine Phosphate
C. albicans,Caspofungin,Agelasine (Stereochemistry Of Diterpene Unknown)
C. albicans,Caspofungin,Alclometasone Dipropionate
C. albicans,Caspofungin,Allopregnanolone
C. albicans,Caspofungin,Alpha-Mangostin
C. albicans,Caspofungin,Amentoflavone
C. albicans,Caspofungin,Amiodarone Hydrochloride
C. albicans,Caspofungin,Antimycin A
C. albicans,Caspofungin,Apigenin Dimethyl Ether
C. albicans,Caspofungin,Asiatic Acid
C. albicans,Caspofungin,Astemizole
C. albicans,Caspofungin,Atracurium Besylate
C. albicans,Caspofungin,Avermectin B1
C. albicans,Caspofungin,Avocadyne
C. albicans,Caspofungin,Bacampicillin Hydrochloride
C. albicans,Caspofungin,Bacitracin
C. albicans,Caspofungin,Beclomethasone Dipropionate
C. albicans,Caspofungin,Bepridil Hydrochloride
C. albicans,Caspofungin,Brl 15572
C. albicans,Caspofungin,Bromoacetyl Alprenolol Menthane
C. albicans,Caspofungin,Bromocriptine Mesylate
C. albicans,Caspofungin,Bu99006
C. albicans,Caspofungin,Bussein
C. albicans,Caspofungin,Candesartan Cilextil
C. albicans,Caspofungin,Carvedilol
C. albicans,Caspofungin,Cepharanthine
C. albicans,Caspofungin,Cetirizine Hydrochloride
C. albicans,Caspofungin,Cgp-74514A Hydrochloride
C. albicans,Caspofungin,Chlorhexidine
C. albicans,Caspofungin,Chloro-Ib-Meca
C. albicans,Caspofungin,Chlorprothixene Hydrochloride
C. albicans,Caspofungin,Cholecalciferol
C. albicans,Caspofungin,"Cholic Acid, Methyl Ester"
C. albicans,Caspofungin,Chukrasin Methyl Ether
C. albicans,Caspofungin,Cinnarizine
C. albicans,Caspofungin,Clemastine Fumarate
C. albicans,Caspofungin,Clofazimine
C. albicans,Caspofungin,Clomiphene Citrate
C. albicans,Caspofungin,Colistin Sulfate
C. albicans,Caspofungin,Coralyne Chloride Hydrate
C. albicans,Caspofungin,Coumermycin A1
C. albicans,Caspofungin,Cp55940
C. albicans,Caspofungin,Cyclopiazonic Acid
C. albicans,Caspofungin,Cyclosporin A
C. albicans,Caspofungin,Cycloveratrylene
C. albicans,Caspofungin,Dactinomycin
C. albicans,Caspofungin,Danazol
C. albicans,Caspofungin,Daunorubicin
C. albicans,Caspofungin,"Deacetylcolchicine, N-Formyl-"
C. albicans,Caspofungin,Deguelin
C. albicans,Caspofungin,"Dehydro (11,12)Ursolic Acid Lactone"
C. albicans,Caspofungin,Demecarium Bromide
C. albicans,Caspofungin,Deoxykhivorin
C. albicans,Caspofungin,Diacylglycerol Kinase Inhibitor I
C. albicans,Caspofungin,Diacylglycerol Kinase Inhibitor Ii
C. albicans,Caspofungin,Digitonin
C. albicans,Caspofungin,Digitoxin
C. albicans,Caspofungin,Dihydroergocristine Mesylate
C. albicans,Caspofungin,Dihydroergotamine Methanesulfonate
C. albicans,Caspofungin,Dihydroergotoxine Mesylate
C. albicans,Caspofungin,Dihydrogedunol
C. albicans,Caspofungin,Dilazep Dihydrochloride
C. albicans,Caspofungin,Diphenylpyraline Hydrochloride
C. albicans,Caspofungin,Doxazosin Mesylate
C. albicans,Caspofungin,Echinomycin
C. albicans,Caspofungin,Ellipticine
C. albicans,Caspofungin,Emetine
C. albicans,Caspofungin,Enilconazole
C. albicans,Caspofungin,Entandrophragmin
C. albicans,Caspofungin,Ergocryptine-Alpha
C. albicans,Caspofungin,Erythromycin Estolate
C. albicans,Caspofungin,Euphol
C. albicans,Caspofungin,Euphorbiasteroid
C. albicans,Caspofungin,Fiduxosin Hydrochloride
C. albicans,Caspofungin,Flunarizine Dihydrochloride
C. albicans,Caspofungin,Flupirtine Maleate
C. albicans,Caspofungin,Fluspirilen
C. albicans,Caspofungin,Fusidic Acid
C. albicans,Caspofungin,Gambogic Acid
C. albicans,Caspofungin,Gambogic Acid Amide
C. albicans,Caspofungin,Gbr 12909 Dihydrochloride
C. albicans,Caspofungin,Gbr-12935 Dihydrochloride
C. albicans,Caspofungin,Gemifloxacin Mesylate
C. albicans,Caspofungin,Gliquidone
C. albicans,Caspofungin,Gr 127935 Hydrochloride Hydrate
C. albicans,Caspofungin,Gw2974
C. albicans,Caspofungin,Gyki 52895
C. albicans,Caspofungin,Hederacoside C
C. albicans,Caspofungin,Hederagenin
C. albicans,Caspofungin,Hexetidine
C. albicans,Caspofungin,Homidium Bromide
C. albicans,Caspofungin,Hydrocortisone Butyrate
C. albicans,Caspofungin,Icariin
C. albicans,Caspofungin,Idarubicin
C. albicans,Caspofungin,Indole-3-Carbinol
C. albicans,Caspofungin,"Ingenol 3,20-Dibenzoate"
C. albicans,Caspofungin,"Irigenin, 7-Benzyl Ether"
C. albicans,Caspofungin,Isoreserpine
C. albicans,Caspofungin,Isotetrandrine
C. albicans,Caspofungin,Ivermectin
C. albicans,Caspofungin,Josamycin
C. albicans,Caspofungin,"L-162,313"
C. albicans,Caspofungin,"L-368,899 "
C. albicans,Caspofungin,"L-703,606 Oxalate"
C. albicans,Caspofungin,"L-765,314"
C. albicans,Caspofungin,Larixol Acetate
C. albicans,Caspofungin,Lidoflazine
C. albicans,Caspofungin,Liquiritigenin Dimethyl Ether
C. albicans,Caspofungin,Loperamide Hydrochloride
C. albicans,Caspofungin,Loratadine
C. albicans,Caspofungin,Lovastatin
C. albicans,Caspofungin,"Ly-367,265"
C. albicans,Caspofungin,Lysergol
C. albicans,Caspofungin,Madecassic Acid
C. albicans,Caspofungin,Meclozine Dihydrochloride
C. albicans,Caspofungin,Metergoline
C. albicans,Caspofungin,Methiothepin Maleate
C. albicans,Caspofungin,Methoctramine Tetrahydrochloride
C. albicans,Caspofungin,Methoxy-6-Harmalan
C. albicans,Caspofungin,Metixene Hydrochloride
C. albicans,Caspofungin,Mevastatin
C. albicans,Caspofungin,Mezerein
C. albicans,Caspofungin,Mibefradil Dihydrochloride
C. albicans,Caspofungin,Mithramycin A
C. albicans,Caspofungin,Mometasone Furoate
C. albicans,Caspofungin,Mundulone Acetate
C. albicans,Caspofungin,N-Oleoylethanolamine
C. albicans,Caspofungin,Naftopidil Dihydrochloride
C. albicans,Caspofungin,Nicergoline
C. albicans,Caspofungin,Nocodazole
C. albicans,Caspofungin,Nortriptyline
C. albicans,Caspofungin,Novobiocin Sodium
C. albicans,Caspofungin,Nystatine
C. albicans,Caspofungin,Odq
C. albicans,Caspofungin,Oligomycin A
C. albicans,Caspofungin,Oxethazaine
C. albicans,Caspofungin,P-Mppi Hydrochloride
C. albicans,Caspofungin,Paclitaxel
C. albicans,Caspofungin,Papp
C. albicans,Caspofungin,Pararosaniline Pamoate
C. albicans,Caspofungin,Paroxetine Hydrochloride
C. albicans,Caspofungin,Perphenazine
C. albicans,Caspofungin,Phorbol 12-Myristate 13-Acetate
C. albicans,Caspofungin,Pimozide
C. albicans,Caspofungin,Piperacetazine
C. albicans,Caspofungin,Pivampicillin
C. albicans,Caspofungin,Polymyxin B Sulfate
C. albicans,Caspofungin,Proadifen Hydrochloride
C. albicans,Caspofungin,Prochlorperazine Dimaleate
C. albicans,Caspofungin,Propidium Iodide
C. albicans,Caspofungin,Pyrromycin
C. albicans,Caspofungin,"Quercetin Tetramethyl (5,7,3',4') Ether"
C. albicans,Caspofungin,R(-)-Propylnorapomorphine Hydrochloride
C. albicans,Caspofungin,R(+)-Uh-301 Hydrochloride
C. albicans,Caspofungin,Raloxifene Hydrochloride
C. albicans,Caspofungin,Ramelteon
C. albicans,Caspofungin,Rescinnamin
C. albicans,Caspofungin,Reserpine
C. albicans,Caspofungin,Retinoic Acid P-Hydroxyanilide
C. albicans,Caspofungin,Rhetsinine
C. albicans,Caspofungin,Rifabutin
C. albicans,Caspofungin,Rifampicin
C. albicans,Caspofungin,Rifaximin
C. albicans,Caspofungin,Ritanserin
C. albicans,Caspofungin,Rotenone
C. albicans,Caspofungin,Roxithromycin
C. albicans,Caspofungin,Saquinavir Mesylate
C. albicans,Caspofungin,Sb 206553 Hydrochloride
C. albicans,Caspofungin,Sb 224289 Hydrochloride
C. albicans,Caspofungin,Selamectin
C. albicans,Caspofungin,Simvastatin
C. albicans,Caspofungin,Skf 95282 Dimaleate
C. albicans,Caspofungin,Smilagenin Acetate
C. albicans,Caspofungin,Snc80
C. albicans,Caspofungin,Sulfadimethoxine
C. albicans,Caspofungin,Suloctidil
C. albicans,Caspofungin,Syrosingopine
C. albicans,Caspofungin,T-1032
C. albicans,Caspofungin,Tamoxifen Citrate
C. albicans,Caspofungin,Terfenadine
C. albicans,Caspofungin,Tetracaine Hydrochloride
C. albicans,Caspofungin,Tetrandrine
C. albicans,Caspofungin,Thapsigargin
C. albicans,Caspofungin,Thiethylperazine Malate
C. albicans,Caspofungin,Thioproperazine Dimesylate
C. albicans,Caspofungin,Thiostrepton
C. albicans,Caspofungin,Thiothixene
C. albicans,Caspofungin,Tomatidine
C. albicans,Caspofungin,Tomatine
C. albicans,Caspofungin,Tpmpa
C. albicans,Caspofungin,Tribenoside
C. albicans,Caspofungin,Trifluoperazine Dihydrochloride
C. albicans,Caspofungin,Trimethylcolchicinic Acid
C. albicans,Caspofungin,Troleandomycin
C. albicans,Caspofungin,Tylosin Tartrate
C. albicans,Caspofungin,Tyloxapol
C. albicans,Caspofungin,Tyrothricin
C. albicans,Caspofungin,U-75302
C. albicans,Caspofungin,U0126
C. albicans,Caspofungin,Uridine 5'-Diphosphate Sodium
C. albicans,Caspofungin,Vancomycin Hydrochloride From Streptomyces Orientalis
C. albicans,Caspofungin,Vinblastine Sulfate
C. albicans,Caspofungin,Vincristine Sulfate
C. albicans,Caspofungin,Vinorelbine Base
C. albicans,Caspofungin,Wb 64
C. albicans,Caspofungin,Xanthine Amine Congener
C. albicans,Caspofungin,Xylazine Hydrochloride
C. albicans,Caspofungin,Xylocarpus A
C. albicans,Caspofungin,Ys-035 Hydrochloride
C. albicans,Caspofungin,Zonisamide Sodium
C. albicans,Cyprodinil,"1,10-Phenanthroline Monohydrate"
C. albicans,Cyprodinil,"6-Nitroso-1,2-Benzopyrone"
C. albicans,Cyprodinil,Agelasine (Stereochemistry Of Diterpene Unknown)
C. albicans,Cyprodinil,Carmofur
C. albicans,Cyprodinil,Chlorhexidine
C. albicans,Cyprodinil,Embelin
C. albicans,Cyprodinil,Enilconazole
C. albicans,Cyprodinil,Nsc 95397
C. albicans,Cyprodinil,Odq
C. albicans,Cyprodinil,Pentamidine Isethionate
C. albicans,Cyprodinil,Piperacetazine
C. albicans,Cyprodinil,Se-(Methyl)Selenocysteine Hydrochloride
C. albicans,Cyprodinil,Sulfadimethoxine
C. albicans,Cyprodinil,Sulfaphenazole
C. albicans,Cyprodinil,Tomatidine
C. albicans,Cyprodinil,Zm 39923 Hydrochloride
C. albicans,Fluconazole,(_)-Threo-1-Phenyl-2-Decanoylamino-3-Morpholino-1-Propanol Hydrochloride
C. albicans,Fluconazole,Asiatic Acid
C. albicans,Fluconazole,Carmofur
C. albicans,Fluconazole,Cb 1954
C. albicans,Fluconazole,Cgp-74514A Hydrochloride
C. albicans,Fluconazole,Chlorhexidine
C. albicans,Fluconazole,Clopidogrel Sulfate 
C. albicans,Fluconazole,Dexamethasone Sodium Phosphate 
C. albicans,Fluconazole,Ellipticine
C. albicans,Fluconazole,Enilconazole
C. albicans,Fluconazole,He-Neca
C. albicans,Fluconazole,Hydrocortisone Base
C. albicans,Fluconazole,Hydrocortisone Butyrate 
C. albicans,Fluconazole,Hypocrellin A
C. albicans,Fluconazole,Hypocrellin B
C. albicans,Fluconazole,Rosuvastatin Calcium
C. albicans,Fluconazole,Tomatidine
C. albicans,Fluconazole,U-73122
C. albicans,Terbinafine,"( R)-(+)-Win 55,212-2 Mesylate"
C. albicans,Terbinafine,"1,10-Phenanthroline Monohydrate"
C. albicans,Terbinafine,"7-Cyclopentyl-5-(4-Phenoxy)Phenyl-7H-Pyrrolo[2,3-D]Pyrimidin-4-Ylamine"
C. albicans,Terbinafine,Agelasine (Stereochemistry Of Diterpene Unknown)
C. albicans,Terbinafine,Chlorhexidine
C. albicans,Terbinafine,Clofazimine
C. albicans,Terbinafine,Cyclosporin A
C. albicans,Terbinafine,Echinomycin
C. albicans,Terbinafine,Ellipticine
C. albicans,Terbinafine,Enilconazole
C. albicans,Terbinafine,Ethambutol Hydrochloride
C. albicans,Terbinafine,Fiduxosin Hydrochloride
C. albicans,Terbinafine,Fusaric Acid
C. albicans,Terbinafine,Hypocrellin A
C. albicans,Terbinafine,Indirubin-3'-Oxime
C. albicans,Terbinafine,Norepinephrine 
C. albicans,Terbinafine,Ritanserin 
C. albicans,Terbinafine,Tomatidine
C. albicans,Terbinafine,Tubercidin
C. albicans,Terbinafine,Tyrothricin
C. neoformans,Amphotericin B,"( R)-(+)-Win 55,212-2 Mesylate"
C. neoformans,Amphotericin B,(_)-6-Chloro-Pb Hydrobromide
C. neoformans,Amphotericin B,(_)-Octoclothepin Maleate
C. neoformans,Amphotericin B,(_)-Threo-1-Phenyl-2-Decanoylamino-3-Morpholino-1-Propanol Hydrochloride
C. neoformans,Amphotericin B,"18-Aminoabieta-8,11,13-Triene Sulfate"
C. neoformans,Amphotericin B,18Alpha-Glycyrrhetinic Acid
C. neoformans,Amphotericin B,"3-Hydroxy-3',4'-Dimethoxyflavone"
C. neoformans,Amphotericin B,"3,7-Epoxycaryophyllan-6-Ol"
C. neoformans,Amphotericin B,3Alpha-Acetoxydihydrodeoxygedunin
C. neoformans,Amphotericin B,3Beta-Acetoxydeoxodihydrogedunin
C. neoformans,Amphotericin B,4-Methoxydalbergione
C. neoformans,Amphotericin B,"4,4'-Dimethoxydalbergione"
C. neoformans,Amphotericin B,"8-Hydroxy-15,16-Bisnor-11-Labden-13-One"
C. neoformans,Amphotericin B,A-77636 Hydrochloride
C. neoformans,Amphotericin B,Aa-861
C. neoformans,Amphotericin B,Actinomycin D
C. neoformans,Amphotericin B,Adenosine Phosphate
C. neoformans,Amphotericin B,Agelasine (Stereochemistry Of Diterpene Unknown)
C. neoformans,Amphotericin B,Alclometasone Dipropionate
C. neoformans,Amphotericin B,Alizarin
C. neoformans,Amphotericin B,Amiodarone Hydrochloride
C. neoformans,Amphotericin B,Amphotericin B
C. neoformans,Amphotericin B,Androsterone
C. neoformans,Amphotericin B,Antimycin A
C. neoformans,Amphotericin B,Apigenin Dimethyl Ether
C. neoformans,Amphotericin B,Asiatic Acid
C. neoformans,Amphotericin B,Astemizole
C. neoformans,Amphotericin B,Astragaloside Iv
C. neoformans,Amphotericin B,Avermectin B1
C. neoformans,Amphotericin B,Avocadyne
C. neoformans,Amphotericin B,Bacitracin
C. neoformans,Amphotericin B,Beclomethasone Dipropionate
C. neoformans,Amphotericin B,Benzbromarone
C. neoformans,Amphotericin B,Benzethonium Chloride
C. neoformans,Amphotericin B,Benzonatate
C. neoformans,Amphotericin B,Bepridil Hydrochloride
C. neoformans,Amphotericin B,Beta-Carotene
C. neoformans,Amphotericin B,Beta-Escin
C. neoformans,Amphotericin B,Bisanhydrorutilantinone
C. neoformans,Amphotericin B,Brl 15572
C. neoformans,Amphotericin B,Bromoacetyl Alprenolol Menthane
C. neoformans,Amphotericin B,Bromocriptine Mesylate
C. neoformans,Amphotericin B,Budesonide
C. neoformans,Amphotericin B,Bussein
C. neoformans,Amphotericin B,C2 Phytoceramide
C. neoformans,Amphotericin B,C6 Ceramide
C. neoformans,Amphotericin B,Candesartan Cilextil
C. neoformans,Amphotericin B,Capsaicin
C. neoformans,Amphotericin B,Carbenoxolone Sodium
C. neoformans,Amphotericin B,Catechin Pentaacetate
C. neoformans,Amphotericin B,Cefditorin Pivoxil
C. neoformans,Amphotericin B,Cefoperazone Sodium
C. neoformans,Amphotericin B,Cetirizine Hydrochloride
C. neoformans,Amphotericin B,Chenodiol
C. neoformans,Amphotericin B,Chlormadinone Acetate
C. neoformans,Amphotericin B,Chloro-Ib-Meca
C. neoformans,Amphotericin B,Chlorotrianisene
C. neoformans,Amphotericin B,Chlorpromazine
C. neoformans,Amphotericin B,Cholecalciferol
C. neoformans,Amphotericin B,Cholest-5-En-3-One
C. neoformans,Amphotericin B,"Cholic Acid, Methyl Ester"
C. neoformans,Amphotericin B,Chromomycin A3
C. neoformans,Amphotericin B,Chukrasin Methyl Ether
C. neoformans,Amphotericin B,Cinnarazine
C. neoformans,Amphotericin B,Cis-(Z)-Flupenthixol Dihydrochloride
C. neoformans,Amphotericin B,Citrinin
C. neoformans,Amphotericin B,Clemastine
C. neoformans,Amphotericin B,Clofazimine
C. neoformans,Amphotericin B,Clofilium Tosylate
C. neoformans,Amphotericin B,Clomiphene Citrate
C. neoformans,Amphotericin B,Clopidogrel Sulfate
C. neoformans,Amphotericin B,Coumermycin A1
C. neoformans,Amphotericin B,Curcumin
C. neoformans,Amphotericin B,Cyclopiazonic Acid
C. neoformans,Amphotericin B,Cyclosporin A
C. neoformans,Amphotericin B,Cycloveratrylene
C. neoformans,Amphotericin B,Cyproterone Acetate
C. neoformans,Amphotericin B,Cyproterone Acetate
C. neoformans,Amphotericin B,Dactinomycin
C. neoformans,Amphotericin B,Danazol
C. neoformans,Amphotericin B,Dantrolene Sodium
C. neoformans,Amphotericin B,Daunorubicin
C. neoformans,Amphotericin B,"Deacetylcolchicine, N-Formyl-"
C. neoformans,Amphotericin B,Decahydrogambogic Acid
C. neoformans,Amphotericin B,Deoxykhivorin
C. neoformans,Amphotericin B,Deracoxib
C. neoformans,Amphotericin B,Diacylglycerol Kinase Inhibitor Ii
C. neoformans,Amphotericin B,Dihydrocelastrol
C. neoformans,Amphotericin B,Dihydroergotamine Methanesulfonate
C. neoformans,Amphotericin B,Dihydrogambogic Acid
C. neoformans,Amphotericin B,Dihydrogedunol
C. neoformans,Amphotericin B,Dilazep Dihydrochloride
C. neoformans,Amphotericin B,Dl-Stearoylcarnitine Chloride
C. neoformans,Amphotericin B,Dobutamine Hydrochloride
C. neoformans,Amphotericin B,Droperidol
C. neoformans,Amphotericin B,Emetine
C. neoformans,Amphotericin B,Emodin
C. neoformans,Amphotericin B,Entandrophragmin
C. neoformans,Amphotericin B,Epigallocatechin Gallate
C. neoformans,Amphotericin B,Ergocryptine-Alpha
C. neoformans,Amphotericin B,Erythromycin Estolate
C. neoformans,Amphotericin B,Estradiol Propionate
C. neoformans,Amphotericin B,Estrone Acetate
C. neoformans,Amphotericin B,Ethoxyquin
C. neoformans,Amphotericin B,Eugenol
C. neoformans,Amphotericin B,Euphol
C. neoformans,Amphotericin B,Euphorbiasteroid
C. neoformans,Amphotericin B,Fiduxosin Hydrochloride
C. neoformans,Amphotericin B,Filipin
C. neoformans,Amphotericin B,Flumethazone Pivalate
C. neoformans,Amphotericin B,Flunarizine Dihydrochloride
C. neoformans,Amphotericin B,Fluphenazine Dihydrochloride
C. neoformans,Amphotericin B,Flupirtine Maleate
C. neoformans,Amphotericin B,Fluspirilen
C. neoformans,Amphotericin B,Fumagillin
C. neoformans,Amphotericin B,Fumonisin B2
C. neoformans,Amphotericin B,Fusidic Acid
C. neoformans,Amphotericin B,Gambogic Acid
C. neoformans,Amphotericin B,Garcinolic Acid
C. neoformans,Amphotericin B,Gbr 12909 Dihydrochloride
C. neoformans,Amphotericin B,Gbr-12935 Dihydrochloride
C. neoformans,Amphotericin B,Gemifloxacin Mesylate
C. neoformans,Amphotericin B,Glimepiride
C. neoformans,Amphotericin B,Gliquidone
C. neoformans,Amphotericin B,Gossypol
C. neoformans,Amphotericin B,Gossypol-Acetic Acid Complex
C. neoformans,Amphotericin B,Gr 127935 Hydrochloride Hydrate
C. neoformans,Amphotericin B,Gw1929
C. neoformans,Amphotericin B,Gw2974
C. neoformans,Amphotericin B,Gw7647
C. neoformans,Amphotericin B,"Haematommic Acid, Ethyl Ester"
C. neoformans,Amphotericin B,Hederagenin
C. neoformans,Amphotericin B,Hieracin
C. neoformans,Amphotericin B,Homidium Bromide
C. neoformans,Amphotericin B,Hycanthone
C. neoformans,Amphotericin B,Hypericin
C. neoformans,Amphotericin B,I-Ome-Tyrphostin Ag 538
C. neoformans,Amphotericin B,Icariin
C. neoformans,Amphotericin B,"Ingenol 3,20-Dibenzoate"
C. neoformans,Amphotericin B,"Irigenin, 7-Benzyl Ether"
C. neoformans,Amphotericin B,Iriginol Hexaaceatate
C. neoformans,Amphotericin B,Isoreserpine
C. neoformans,Amphotericin B,Isotetrandrine
C. neoformans,Amphotericin B,Isotretinon
C. neoformans,Amphotericin B,Ivermectin
C. neoformans,Amphotericin B,Josamycin
C. neoformans,Amphotericin B,Khayanthone
C. neoformans,Amphotericin B,Khayasin C
C. neoformans,Amphotericin B,"L-162,313"
C. neoformans,Amphotericin B,"L-368,899 "
C. neoformans,Amphotericin B,"L-732,138"
C. neoformans,Amphotericin B,"L-765,314"
C. neoformans,Amphotericin B,Lanatoside C
C. neoformans,Amphotericin B,Larixol Acetate
C. neoformans,Amphotericin B,Lasalocid Sodium
C. neoformans,Amphotericin B,Levonordefrin
C. neoformans,Amphotericin B,Loperamide Hydrochloride
C. neoformans,Amphotericin B,Loratadine
C. neoformans,Amphotericin B,Lorglumide Sodium
C. neoformans,Amphotericin B,Lovastatin
C. neoformans,Amphotericin B,"Ly-367,265"
C. neoformans,Amphotericin B,Lysergol
C. neoformans,Amphotericin B,Madecassic Acid
C. neoformans,Amphotericin B,Meclozine Dihydrochloride
C. neoformans,Amphotericin B,Metergoline
C. neoformans,Amphotericin B,Methacycline Hydrochloride
C. neoformans,Amphotericin B,Methiothepin Mesylate
C. neoformans,Amphotericin B,Methoxy-6-Harmalan
C. neoformans,Amphotericin B,Mevastatin
C. neoformans,Amphotericin B,Mifepristone
C. neoformans,Amphotericin B,Minocycline Hydrochloride
C. neoformans,Amphotericin B,Mithramycin A
C. neoformans,Amphotericin B,Monensin Na
C. neoformans,Amphotericin B,Morin
C. neoformans,Amphotericin B,Mundulone
C. neoformans,Amphotericin B,N-Arachidonylglycine
C. neoformans,Amphotericin B,N-Oleoyldopamine
C. neoformans,Amphotericin B,Neohesperidin Dihydrochalcone
C. neoformans,Amphotericin B,Nerol
C. neoformans,Amphotericin B,Nicardipine Hydrochloride
C. neoformans,Amphotericin B,Niclosamide
C. neoformans,Amphotericin B,Nifedipine
C. neoformans,Amphotericin B,Nigericin Na 
C. neoformans,Amphotericin B,Nimodipine
C. neoformans,Amphotericin B,Nonactin
C. neoformans,Amphotericin B,Nordihydroguaiaretic Acid From Larrea Divaricata (Creosote Bush)
C. neoformans,Amphotericin B,Norstictic Acid
C. neoformans,Amphotericin B,Novobiocin Sodium
C. neoformans,Amphotericin B,Nystatine
C. neoformans,Amphotericin B,Oleanoic Acid
C. neoformans,Amphotericin B,Oligomycin A
C. neoformans,Amphotericin B,Oxethazaine
C. neoformans,Amphotericin B,Paclitaxel
C. neoformans,Amphotericin B,Panaxatriol
C. neoformans,Amphotericin B,Perhexiline Maleate
C. neoformans,Amphotericin B,Periciazine
C. neoformans,Amphotericin B,Perphenazine
C. neoformans,Amphotericin B,Phorbol 12-Myristate 13-Acetate
C. neoformans,Amphotericin B,Piceatannol
C. neoformans,Amphotericin B,Pimozide
C. neoformans,Amphotericin B,Piperacetazine
C. neoformans,Amphotericin B,Polymyxin B Sulfate
C. neoformans,Amphotericin B,Proadifen Hydrochloride
C. neoformans,Amphotericin B,Prochlorperazine Dimaleate
C. neoformans,Amphotericin B,Promethazine Hydrochloride
C. neoformans,Amphotericin B,Propionylpromazine Hydrochloride
C. neoformans,Amphotericin B,Pyrromycin
C. neoformans,Amphotericin B,Pyrvinium Pamoate
C. neoformans,Amphotericin B,Quercetin Pentamethyl Ether
C. neoformans,Amphotericin B,"Quercetin Tetramethyl (5,7,3',4') Ether"
C. neoformans,Amphotericin B,R(-) Apomorphine Hydrochloride Hemihydrate
C. neoformans,Amphotericin B,"R(-)-2,10,11-Trihydroxy-N-Propylnoraporphine Hydrobromide"
C. neoformans,Amphotericin B,R(-)-N-Allylnorapomorphine Hydrobromide
C. neoformans,Amphotericin B,R(-)-Propylnorapomorphine Hydrochloride
C. neoformans,Amphotericin B,R(+)-Uh-301 Hydrochloride
C. neoformans,Amphotericin B,Raloxifene Hydrochloride
C. neoformans,Amphotericin B,Ramelteon
C. neoformans,Amphotericin B,Rescinnamin
C. neoformans,Amphotericin B,Reserpine
C. neoformans,Amphotericin B,Retinoic Acid
C. neoformans,Amphotericin B,Retinoic Acid P-Hydroxyanilide
C. neoformans,Amphotericin B,Retinyl Acetate
C. neoformans,Amphotericin B,Rhamnetine
C. neoformans,Amphotericin B,Rifabutin
C. neoformans,Amphotericin B,Rifampicin
C. neoformans,Amphotericin B,Rifaximin
C. neoformans,Amphotericin B,Ritanserin
C. neoformans,Amphotericin B,"Rotenonic Acid, Methyl Ether"
C. neoformans,Amphotericin B,Salinomycin
C. neoformans,Amphotericin B,Salmeterol
C. neoformans,Amphotericin B,Salmeterol Xinafoate
C. neoformans,Amphotericin B,Saquinavir Mesylate
C. neoformans,Amphotericin B,Sb 222200
C. neoformans,Amphotericin B,Sb 224289 Hydrochloride
C. neoformans,Amphotericin B,Sb 228357
C. neoformans,Amphotericin B,Sclareol
C. neoformans,Amphotericin B,Selamectin
C. neoformans,Amphotericin B,Sennoside A
C. neoformans,Amphotericin B,Shikonin
C. neoformans,Amphotericin B,Silymarin
C. neoformans,Amphotericin B,Simvastatin
C. neoformans,Amphotericin B,Skf 83959 Hydrobromide
C. neoformans,Amphotericin B,Skf 95282 Dimaleate
C. neoformans,Amphotericin B,Sobuzoxane
C. neoformans,Amphotericin B,Spiperone
C. neoformans,Amphotericin B,Spiramycin
C. neoformans,Amphotericin B,Suloctidil
C. neoformans,Amphotericin B,Syrosingopine
C. neoformans,Amphotericin B,T-1032
C. neoformans,Amphotericin B,Tamoxifen Citrate
C. neoformans,Amphotericin B,Tanshinone Iia Sulfonate Sodium
C. neoformans,Amphotericin B,Telmisartan
C. neoformans,Amphotericin B,Teniposide
C. neoformans,Amphotericin B,Terfenadine
C. neoformans,Amphotericin B,Tetradecylthioacetic Acid
C. neoformans,Amphotericin B,Tetrahydrogambogic Acid
C. neoformans,Amphotericin B,Thapsigargin
C. neoformans,Amphotericin B,Theaflavin Digallate
C. neoformans,Amphotericin B,Theaflavin Monogallates
C. neoformans,Amphotericin B,Thiethylperazine Malate
C. neoformans,Amphotericin B,Thioproperazine Dimesylate
C. neoformans,Amphotericin B,Thioridazine Hydrochloride
C. neoformans,Amphotericin B,Thiostrepton
C. neoformans,Amphotericin B,Thonzonium Bromide
C. neoformans,Amphotericin B,Tomatine
C. neoformans,Amphotericin B,Trifluoperazine Dihydrochloride
C. neoformans,Amphotericin B,Triflupromazine Hydrochloride
C. neoformans,Amphotericin B,Trimethylcolchicinic Acid
C. neoformans,Amphotericin B,Troleandomycin
C. neoformans,Amphotericin B,Tyloxapol
C. neoformans,Amphotericin B,Tyrphostin A9
C. neoformans,Amphotericin B,Tyrphostin Ag 537
C. neoformans,Amphotericin B,Tyrphostin Ag 538
C. neoformans,Amphotericin B,U-62066
C. neoformans,Amphotericin B,U-75302
C. neoformans,Amphotericin B,Uridine 5'-Diphosphate Sodium
C. neoformans,Amphotericin B,Urosiol
C. neoformans,Amphotericin B,Ursolic Acid
C. neoformans,Amphotericin B,Valacyclovir Hydrochloride
C. neoformans,Amphotericin B,Verteporfin
C. neoformans,Amphotericin B,Vinblastine Sulfate
C. neoformans,Amphotericin B,Vitamin K2
C. neoformans,Amphotericin B,Xanthine Amine Congener
C. neoformans,Amphotericin B,Xylazine Hydrochloride
C. neoformans,Amphotericin B,Xylocarpus A
C. neoformans,Amphotericin B,Zonisamide Sodium
C. neoformans,Benomyl,Biochanin A
C. neoformans,Benomyl,Equilin
C. neoformans,Benomyl,N-Phenylanthranilic Acid
C. neoformans,Benomyl,Piperacetazine
C. neoformans,Benomyl,Prostaglandin J2
C. neoformans,Benomyl,Thonzonium Bromide
C. neoformans,Benomyl,Zearalenone
C. neoformans,Caspofungin,"Totarol-19-Carboxylic Acid, Methyl Ester"
C. neoformans,Cyprodinil,3-Tropanyl-Indole-3-Carboxylate Hydrochloride
C. neoformans,Cyprodinil,Alizarin
C. neoformans,Cyprodinil,Antimycin A
C. neoformans,Cyprodinil,Artemisinin
C. neoformans,Cyprodinil,Benzethonium Chloride
C. neoformans,Cyprodinil,Camptothecin
C. neoformans,Cyprodinil,Cyclosporin A
C. neoformans,Cyprodinil,Diphenyleneiodonium Chloride
C. neoformans,Cyprodinil,Emodin
C. neoformans,Cyprodinil,Fiduxosin Hydrochloride
C. neoformans,Cyprodinil,Hexylresorcinol
C. neoformans,Cyprodinil,Methoctramine Tetrahydrochloride
C. neoformans,Cyprodinil,Nsc 95397
C. neoformans,Cyprodinil,Oxibendazole
C. neoformans,Cyprodinil,Pararosaniline Pamoate
C. neoformans,Cyprodinil,Prostaglandin J2
C. neoformans,Cyprodinil,Suloctidil
C. neoformans,Cyprodinil,Tetradecylthioacetic Acid
C. neoformans,Cyprodinil,Thonzonium Bromide
C. neoformans,Cyprodinil,Yc-1
C. neoformans,Fluconazole,(_)-Threo-1-Phenyl-2-Decanoylamino-3-Morpholino-1-Propanol Hydrochloride
C. neoformans,Fluconazole,"18-Aminoabieta-8,11,13-Triene Sulfate"
C. neoformans,Fluconazole,Alfaxalone
C. neoformans,Fluconazole,Amiodarone Hydrochloride
C. neoformans,Fluconazole,Benzethonium Chloride
C. neoformans,Fluconazole,Cyclosporin A
C. neoformans,Fluconazole,Diphenyleneiodonium Chloride
C. neoformans,Fluconazole,Diphenylpyraline Hydrochloride
C. neoformans,Fluconazole,Eliprodil
C. neoformans,Fluconazole,Methiothepin Mesylate
C. neoformans,Fluconazole,Methoctramine Tetrahydrochloride
C. neoformans,Fluconazole,Niclosamide
C. neoformans,Fluconazole,Piperacetazine
C. neoformans,Fluconazole,Sertraline Hydrochloride
C. neoformans,Fluconazole,Suloctidil
C. neoformans,Fluconazole,Tamoxifen Citrate
C. neoformans,Fluconazole,Tetradecylthioacetic Acid
C. neoformans,Fluconazole,Thonzonium Bromide
C. neoformans,Fluconazole,Tomatidine
C. neoformans,Terbinafine,"( R)-(+)-Win 55,212-2 Mesylate"
C. neoformans,Terbinafine,"(-)-Trans-(1S,2S)-U-50488 Hydrochloride"
C. neoformans,Terbinafine,"3,6-Dimethoxyflavone"
C. neoformans,Terbinafine,4'-Methoxyflavone
C. neoformans,Terbinafine,Benzethonium Chloride
C. neoformans,Terbinafine,Bifonazole
C. neoformans,Terbinafine,Cefsulodin Sodium Salt
C. neoformans,Terbinafine,Cyclosporin A
C. neoformans,Terbinafine,Dehydroisoandosterone 3-Acetate
C. neoformans,Terbinafine,Diethylstilbestrol
C. neoformans,Terbinafine,Diphenyleneiodonium Chloride
C. neoformans,Terbinafine,Dl-Stearoylcarnitine Chloride
C. neoformans,Terbinafine,Eliprodil
C. neoformans,Terbinafine,Equilin
C. neoformans,Terbinafine,Estradiol Acetate
C. neoformans,Terbinafine,Estradiol Propionate
C. neoformans,Terbinafine,Felbinac
C. neoformans,Terbinafine,Fluorometholone
C. neoformans,Terbinafine,Gingerol
C. neoformans,Terbinafine,Glucosamine Hydrochloride
C. neoformans,Terbinafine,Hecogenin Acetate
C. neoformans,Terbinafine,Hexylresorcinol
C. neoformans,Terbinafine,Liquiritigenin Dimethyl Ether
C. neoformans,Terbinafine,"Metoprolol-(+,-) (+)-Tartrate Salt"
C. neoformans,Terbinafine,N-Acetyl-L-Leucine
C. neoformans,Terbinafine,N-Oleoyldopamine
C. neoformans,Terbinafine,Niclosamide
C. neoformans,Terbinafine,Paromomycin Sulfate
C. neoformans,Terbinafine,Phenazopyridine Hydrochloride
C. neoformans,Terbinafine,Quinic Acid
C. neoformans,Terbinafine,Roccellic Acid
C. neoformans,Terbinafine,Skf 95282 Dimaleate
C. neoformans,Terbinafine,Skf 96365
C. neoformans,Terbinafine,Solasodine
C. neoformans,Terbinafine,Stigmasterol
C. neoformans,Terbinafine,T-0156
C. neoformans,Terbinafine,Tamoxifen Citrate
C. neoformans,Terbinafine,Thonzonium Bromide
C. neoformans,Terbinafine,Tolmetin Sodium Salt Dihydrate
C. neoformans,Terbinafine,Trioxsalen
C. neoformans,Terbinafine,Tryptophan
C. neoformans,Terbinafine,U-75302
C. neoformans,Terbinafine,Vancomycin Hydrochloride From Streptomyces Orientalis
C. neoformans,Terbinafine,Vinblastine Sulfate
C. neoformans,Terbinafine,Zardaverine
S. cerevisiae,Amphotericin B,Aklavine Hydrochloride
S. cerevisiae,Amphotericin B,Alclometasone Dipropionate
S. cerevisiae,Amphotericin B,Aminothiazole
S. cerevisiae,Amphotericin B,Amiodarone Hydrochloride
S. cerevisiae,Amphotericin B,Antimycin A
S. cerevisiae,Amphotericin B,Asiatic Acid
S. cerevisiae,Amphotericin B,Avermectin B1
S. cerevisiae,Amphotericin B,Baccatin Iii
S. cerevisiae,Amphotericin B,Bacitracin
S. cerevisiae,Amphotericin B,Beclomethasone Dipropionate
S. cerevisiae,Amphotericin B,Benzethonium Chloride
S. cerevisiae,Amphotericin B,Beta-Carotene
S. cerevisiae,Amphotericin B,Bromocriptine Mesylate
S. cerevisiae,Amphotericin B,C2 Phytoceramide
S. cerevisiae,Amphotericin B,C6 Ceramide
S. cerevisiae,Amphotericin B,Carapin
S. cerevisiae,Amphotericin B,Carvedilol Tartrate
S. cerevisiae,Amphotericin B,Ceftibuten
S. cerevisiae,Amphotericin B,Chlorhexidine
S. cerevisiae,Amphotericin B,Choline Chloride
S. cerevisiae,Amphotericin B,Chromomycin A3
S. cerevisiae,Amphotericin B,Colchiceine
S. cerevisiae,Amphotericin B,Colforsin
S. cerevisiae,Amphotericin B,Coumermycin A1
S. cerevisiae,Amphotericin B,Cp55940
S. cerevisiae,Amphotericin B,Cyclosporin A
S. cerevisiae,Amphotericin B,Digitonin
S. cerevisiae,Amphotericin B,Echinocystic Acid
S. cerevisiae,Amphotericin B,Echinomycin
S. cerevisiae,Amphotericin B,Ergocryptine-Alpha
S. cerevisiae,Amphotericin B,Euphorbiasteroid
S. cerevisiae,Amphotericin B,Fiduxosin Hydrochloride
S. cerevisiae,Amphotericin B,Gambogic Acid
S. cerevisiae,Amphotericin B,Hypocrellin A
S. cerevisiae,Amphotericin B,"Ingenol 3,20-Dibenzoate"
S. cerevisiae,Amphotericin B,Isoreserpine
S. cerevisiae,Amphotericin B,Ivermectin
S. cerevisiae,Amphotericin B,"L-162,313"
S. cerevisiae,Amphotericin B,L-Phenylalaninol
S. cerevisiae,Amphotericin B,Lovastatin
S. cerevisiae,Amphotericin B,Madecassic Acid
S. cerevisiae,Amphotericin B,Methyl Benzethonium Chloride
S. cerevisiae,Amphotericin B,Mevastatin
S. cerevisiae,Amphotericin B,Mezerein
S. cerevisiae,Amphotericin B,Mithramycin A
S. cerevisiae,Amphotericin B,Mj33
S. cerevisiae,Amphotericin B,N-(P-Isothiocyanatophenethyl)Spiperone Hydrochloride
S. cerevisiae,Amphotericin B,N-Arachidonylglycine
S. cerevisiae,Amphotericin B,N-Oleoyldopamine
S. cerevisiae,Amphotericin B,N-Oleoylethanolamine
S. cerevisiae,Amphotericin B,Narasin
S. cerevisiae,Amphotericin B,Nigericin
S. cerevisiae,Amphotericin B,Oligomycin A
S. cerevisiae,Amphotericin B,Olmesartan Medoxomil
S. cerevisiae,Amphotericin B,Palmitoyl-Dl-Carnitine Chloride
S. cerevisiae,Amphotericin B,Pararosaniline Pamoate
S. cerevisiae,Amphotericin B,Phorbol 12-Myristate 13-Acetate
S. cerevisiae,Amphotericin B,"Phorbol 12-Myristate 13-Acetate, 4-Alpha -"
S. cerevisiae,Amphotericin B,"Phorbol 12,13-Dibutyrate, 4-Alpha-"
S. cerevisiae,Amphotericin B,Phytosphingosine
S. cerevisiae,Amphotericin B,Pivampicillin
S. cerevisiae,Amphotericin B,Prothionamide
S. cerevisiae,Amphotericin B,Rifabutin
S. cerevisiae,Amphotericin B,Rifampicin
S. cerevisiae,Amphotericin B,Rutilantinone
S. cerevisiae,Amphotericin B,Salinomycin
S. cerevisiae,Amphotericin B,Saquinavir Mesylate
S. cerevisiae,Amphotericin B,Sarafloxacin Hydrochloride
S. cerevisiae,Amphotericin B,"Schisandrin B, S(-)-"
S. cerevisiae,Amphotericin B,Simvastatin
S. cerevisiae,Amphotericin B,Syrosingopine
S. cerevisiae,Amphotericin B,Tamoxifen Citrate
S. cerevisiae,Amphotericin B,Thapsigargin
S. cerevisiae,Amphotericin B,Thiostrepton
S. cerevisiae,Amphotericin B,Tribenoside
S. cerevisiae,Amphotericin B,Trimethylcolchicinic Acid
S. cerevisiae,Amphotericin B,Tyloxapol
S. cerevisiae,Amphotericin B,Valeryl Salycilate
S. cerevisiae,Amphotericin B,Verteporfin
S. cerevisiae,Benomyl,"12-Hydroxy-4,4-Bisnor-4,8,11,13-Podocarpatetraen-3-One"
S. cerevisiae,Benomyl,2-Demethylapiolic Acid
S. cerevisiae,Benomyl,2-Mercaptobenzothiazole
S. cerevisiae,Benomyl,Acetarsol
S. cerevisiae,Benomyl,Acriflavinium Hydrochloride
S. cerevisiae,Benomyl,Aminohydroxybutyric Acid
S. cerevisiae,Benomyl,Angolensin (R)
S. cerevisiae,Benomyl,Benzethonium Chloride
S. cerevisiae,Benomyl,Bleomycin
S. cerevisiae,Benomyl,Catechin Pentaacetate
S. cerevisiae,Benomyl,Chlorhexidine
S. cerevisiae,Benomyl,Deacetylnomilin
S. cerevisiae,Benomyl,Digitonin
S. cerevisiae,Benomyl,Estradiol Cypionate
S. cerevisiae,Benomyl,Inosine
S. cerevisiae,Benomyl,L-Phenylalaninol
S. cerevisiae,Benomyl,Lanosterol
S. cerevisiae,Benomyl,Methoxyamine Hydrochloride
S. cerevisiae,Benomyl,"Methyl 3Beta,12-Dihydroxy-11-Ketoisoallospirostan-3-Hemisuccinate"
S. cerevisiae,Benomyl,Methyl Benzethonium Chloride
S. cerevisiae,Benomyl,Mundoserone
S. cerevisiae,Benomyl,Narasin
S. cerevisiae,Benomyl,Neriifolin
S. cerevisiae,Benomyl,Palmitoyl-Dl-Carnitine Chloride
S. cerevisiae,Benomyl,Pseudoephedrine Hydrochloride
S. cerevisiae,Benomyl,Ranitidine
S. cerevisiae,Benomyl,Sodium Fluoroacetate
S. cerevisiae,Benomyl,Sulfadimethoxine
S. cerevisiae,Benomyl,Thapsigargin
S. cerevisiae,Benomyl,Tomatidine
S. cerevisiae,Benomyl,Totarol
S. cerevisiae,Benomyl,Tyrphostin A9
S. cerevisiae,Benomyl,Z-L-Phe Chloromethyl Ketone
S. cerevisiae,Caspofungin,"( R)-(+)-Win 55,212-2 Mesylate"
S. cerevisiae,Caspofungin,2-Ethoxycarbonyl-2-Ethoxyoxaloyloxydihydrochrysin Dimethyl Ether
S. cerevisiae,Caspofungin,"2,6-Di-T-Butyl-4-Methylphenol"
S. cerevisiae,Caspofungin,3-Hydroxyflavone
S. cerevisiae,Caspofungin,3Alpha-Hydroxy-3-Deoxyangolensic Acid Methyl Ester
S. cerevisiae,Caspofungin,"7-Cyclopentyl-5-(4-Phenoxy)Phenyl-7H-Pyrrolo[2,3-D]Pyrimidin-4-Ylamine"
S. cerevisiae,Caspofungin,7-Deacetylkhivorin
S. cerevisiae,Caspofungin,7-Deshydroxypyrogallin-4-Carboxylic Acid
S. cerevisiae,Caspofungin,Alpha-Methyl-L-Tyrosine
S. cerevisiae,Caspofungin,Alpha-Toxicarol
S. cerevisiae,Caspofungin,Amentoflavone
S. cerevisiae,Caspofungin,Aminohydroxybutyric Acid
S. cerevisiae,Caspofungin,Aminothiazole
S. cerevisiae,Caspofungin,Amiodarone Hydrochloride
S. cerevisiae,Caspofungin,Amsacrine Hydrochloride
S. cerevisiae,Caspofungin,Anthothecol
S. cerevisiae,Caspofungin,Antibiotic A-23187
S. cerevisiae,Caspofungin,Asiatic Acid
S. cerevisiae,Caspofungin,Avermectin B1
S. cerevisiae,Caspofungin,Baccatin Iii
S. cerevisiae,Caspofungin,Bacitracin
S. cerevisiae,Caspofungin,Benzethonium Chloride
S. cerevisiae,Caspofungin,Bleomycin
S. cerevisiae,Caspofungin,Bromoacetyl Alprenolol Menthane
S. cerevisiae,Caspofungin,Bromocriptine Mesylate
S. cerevisiae,Caspofungin,C6 Ceramide
S. cerevisiae,Caspofungin,Carbetapentane Citrate
S. cerevisiae,Caspofungin,Ceftriaxone Sodium Trihydrate
S. cerevisiae,Caspofungin,Chaulmosulfone
S. cerevisiae,Caspofungin,Chlorhexidine
S. cerevisiae,Caspofungin,Chlorpromazine
S. cerevisiae,Caspofungin,Cholecalciferol
S. cerevisiae,Caspofungin,Choline Chloride
S. cerevisiae,Caspofungin,Chromomycin A3
S. cerevisiae,Caspofungin,Chrysophanol
S. cerevisiae,Caspofungin,Clemizole Hydrochloride
S. cerevisiae,Caspofungin,Clomiphene Citrate
S. cerevisiae,Caspofungin,Coenzyme Q10
S. cerevisiae,Caspofungin,Coumermycin A1
S. cerevisiae,Caspofungin,Cyclosporin A
S. cerevisiae,Caspofungin,Deacetylgedunin
S. cerevisiae,Caspofungin,Deacetylnomilin
S. cerevisiae,Caspofungin,Demecarium Bromide
S. cerevisiae,Caspofungin,Diacylglycerol Kinase Inhibitor Ii
S. cerevisiae,Caspofungin,Diallyl Sulfide
S. cerevisiae,Caspofungin,Dictamnine
S. cerevisiae,Caspofungin,Digitonin
S. cerevisiae,Caspofungin,Dihydrogedunin
S. cerevisiae,Caspofungin,"Dihydrogeduninic Acid, Methyl Ester"
S. cerevisiae,Caspofungin,Dimethyl Gambogate
S. cerevisiae,Caspofungin,Diphenylpyraline Hydrochloride
S. cerevisiae,Caspofungin,Echinomycin
S. cerevisiae,Caspofungin,Epicoprosterol
S. cerevisiae,Caspofungin,Ergocryptine-Alpha
S. cerevisiae,Caspofungin,Estradiol Diacetate
S. cerevisiae,Caspofungin,Eupatoriochromene
S. cerevisiae,Caspofungin,Euphorbiasteroid
S. cerevisiae,Caspofungin,Fiduxosin Hydrochloride
S. cerevisiae,Caspofungin,Flupentixol Dihydrochloride Cis-(Z)
S. cerevisiae,Caspofungin,Fraxidin Methyl Ether
S. cerevisiae,Caspofungin,Frequentin
S. cerevisiae,Caspofungin,Gambogic Acid Amide
S. cerevisiae,Caspofungin,Gbr 12909 Dihydrochloride
S. cerevisiae,Caspofungin,Glutathione
S. cerevisiae,Caspofungin,Gr 127935 Hydrochloride
S. cerevisiae,Caspofungin,"Haematoxylone, Tetramethyl-"
S. cerevisiae,Caspofungin,Hydrolysis Product Of Bussein
S. cerevisiae,Caspofungin,Hydroxyprogesterone Caproate
S. cerevisiae,Caspofungin,Hypocrellin A
S. cerevisiae,Caspofungin,"Ingenol 3,20-Dibenzoate"
S. cerevisiae,Caspofungin,Ipriflavone
S. cerevisiae,Caspofungin,Irigenin Trimethyl Ether
S. cerevisiae,Caspofungin,Isoreserpine
S. cerevisiae,Caspofungin,Ivermectin
S. cerevisiae,Caspofungin,Ketoconazole
S. cerevisiae,Caspofungin,Khayanthone
S. cerevisiae,Caspofungin,Khayasin
S. cerevisiae,Caspofungin,"L-368,899"
S. cerevisiae,Caspofungin,L-Alaninol
S. cerevisiae,Caspofungin,L-Phenylalaninol
S. cerevisiae,Caspofungin,Lidoflazine
S. cerevisiae,Caspofungin,Lynestrenol
S. cerevisiae,Caspofungin,Madecassic Acid
S. cerevisiae,Caspofungin,Meclozine Dihydrochloride
S. cerevisiae,Caspofungin,Medicarpin
S. cerevisiae,Caspofungin,Methoctramine Tetrahydrochloride
S. cerevisiae,Caspofungin,Methoxyamine Hydrochloride
S. cerevisiae,Caspofungin,"Methyl 3Beta,12-Dihydroxy-11-Ketoisoallospirostan-3-Hemisuccinate"
S. cerevisiae,Caspofungin,Methyl Benzethonium Chloride
S. cerevisiae,Caspofungin,Methyl Robustone
S. cerevisiae,Caspofungin,Mezerein
S. cerevisiae,Caspofungin,Mg 624
S. cerevisiae,Caspofungin,Mibefradil Dihydrochloride
S. cerevisiae,Caspofungin,Mundulone
S. cerevisiae,Caspofungin,N-(P-Isothiocyanatophenethyl)Spiperone Hydrochloride
S. cerevisiae,Caspofungin,N-Oleoylethanolamine
S. cerevisiae,Caspofungin,Narasin
S. cerevisiae,Caspofungin,Nicotine Ditartrate
S. cerevisiae,Caspofungin,Nigericin
S. cerevisiae,Caspofungin,Odoratone
S. cerevisiae,Caspofungin,Oligomycin A
S. cerevisiae,Caspofungin,Osajin
S. cerevisiae,Caspofungin,Oxyphencyclimine Hydrochloride
S. cerevisiae,Caspofungin,Palmitoyl-Dl-Carnitine Chloride
S. cerevisiae,Caspofungin,Pararosaniline Pamoate
S. cerevisiae,Caspofungin,Periciazine
S. cerevisiae,Caspofungin,Perillic Acid
S. cerevisiae,Caspofungin,Perphenazine
S. cerevisiae,Caspofungin,Phenylbutyric Acid
S. cerevisiae,Caspofungin,Phorbol 12-Myristate 13-Acetate
S. cerevisiae,Caspofungin,"Phorbol 12-Myristate 13-Acetate, 4-Alpha -"
S. cerevisiae,Caspofungin,"Phorbol 12,13-Dibutyrate, 4-Alpha-"
S. cerevisiae,Caspofungin,Phytosphingosine
S. cerevisiae,Caspofungin,Piperonylic Acid
S. cerevisiae,Caspofungin,Pivampicillin
S. cerevisiae,Caspofungin,Pyrromycin
S. cerevisiae,Caspofungin,Rac-2-Ethoxy-3-Octadecanamido-1-Propylphosphocholine
S. cerevisiae,Caspofungin,Raloxifene Hydrochloride
S. cerevisiae,Caspofungin,Ramelteon
S. cerevisiae,Caspofungin,Reserpine
S. cerevisiae,Caspofungin,Retusin 7-Methyl Ether
S. cerevisiae,Caspofungin,"Rotenonic Acid, Methyl Ether"
S. cerevisiae,Caspofungin,Sanguinarine
S. cerevisiae,Caspofungin,Sappanone A 7-Methyl Ether
S. cerevisiae,Caspofungin,Saquinavir Mesylate
S. cerevisiae,Caspofungin,Sb 224289 Hydrochloride
S. cerevisiae,Caspofungin,"Schisandrin B, S(-)-"
S. cerevisiae,Caspofungin,Seglitide
S. cerevisiae,Caspofungin,Simvastatin
S. cerevisiae,Caspofungin,Sodium Fluoroacetate
S. cerevisiae,Caspofungin,Solanine Alpha
S. cerevisiae,Caspofungin,Solasodine
S. cerevisiae,Caspofungin,Sulfadimethoxine
S. cerevisiae,Caspofungin,Suloctidil
S. cerevisiae,Caspofungin,Syrosingopine
S. cerevisiae,Caspofungin,Tamoxifen Citrate
S. cerevisiae,Caspofungin,Thapsigargin
S. cerevisiae,Caspofungin,Thiethylperazine Malate
S. cerevisiae,Caspofungin,Thiostrepton
S. cerevisiae,Caspofungin,Thiothixene
S. cerevisiae,Caspofungin,Tomatidine
S. cerevisiae,Caspofungin,Tridesacetoxykhivorin
S. cerevisiae,Caspofungin,Trimethylcolchicinic Acid
S. cerevisiae,Caspofungin,Tyloxapol
S. cerevisiae,Caspofungin,Utilin
S. cerevisiae,Caspofungin,Valeryl Salycilate
S. cerevisiae,Caspofungin,Vinorelbine Base
S. cerevisiae,Caspofungin,Xanthyletin
S. cerevisiae,Caspofungin,Zeorin
S. cerevisiae,Caspofungin,Zuclopenthixol Hydrochloride
S. cerevisiae,Cyprodinil,Aminohydroxybutyric Acid
S. cerevisiae,Cyprodinil,Amrinone
S. cerevisiae,Cyprodinil,Artemisinin
S. cerevisiae,Cyprodinil,Benzethonium Chloride
S. cerevisiae,Cyprodinil,Bleomycin
S. cerevisiae,Cyprodinil,Chlorhexidine
S. cerevisiae,Cyprodinil,"Chrysene-1,4-Quinone"
S. cerevisiae,Cyprodinil,Dactinomycin
S. cerevisiae,Cyprodinil,Demecarium Bromide
S. cerevisiae,Cyprodinil,Dl-Erythro-Dihydrosphingosine
S. cerevisiae,Cyprodinil,Eserine
S. cerevisiae,Cyprodinil,Galangine
S. cerevisiae,Cyprodinil,"Methyl 3Beta,12-Dihydroxy-11-Ketoisoallospirostan-3-Hemisuccinate"
S. cerevisiae,Cyprodinil,Methyl Benzethonium Chloride
S. cerevisiae,Cyprodinil,Mycophenolic Acid
S. cerevisiae,Cyprodinil,Mycophenolic Acid
S. cerevisiae,Cyprodinil,Neriifolin
S. cerevisiae,Cyprodinil,Palmitoyl-Dl-Carnitine Chloride
S. cerevisiae,Cyprodinil,Phytosphingosine
S. cerevisiae,Cyprodinil,Ranitidine
S. cerevisiae,Cyprodinil,Remerine
S. cerevisiae,Cyprodinil,Sodium Fluoroacetate
S. cerevisiae,Cyprodinil,Tomatidine
S. cerevisiae,Cyprodinil,Tryptanthrin
S. cerevisiae,Cyprodinil,Xanthurenic Acid
S. cerevisiae,Cyprodinil,Z-L-Phe Chloromethyl Ketone
S. cerevisiae,Fluconazole,(-)-Perillic Acid
S. cerevisiae,Fluconazole,Amiodarone Hydrochloride
S. cerevisiae,Fluconazole,Artemisinin
S. cerevisiae,Fluconazole,Benzethonium Chloride
S. cerevisiae,Fluconazole,Bleomycin
S. cerevisiae,Fluconazole,Chlorhexidine
S. cerevisiae,Fluconazole,Clemizole Hydrochloride
S. cerevisiae,Fluconazole,Diphenyleneiodonium Chloride
S. cerevisiae,Fluconazole,Methoxyamine Hydrochloride
S. cerevisiae,Fluconazole,"Methyl 3Beta,12-Dihydroxy-11-Ketoisoallospirostan-3-Hemisuccinate"
S. cerevisiae,Fluconazole,Methyl Benzethonium Chloride
S. cerevisiae,Fluconazole,Mg 624
S. cerevisiae,Fluconazole,Palmitoyl-Dl-Carnitine Chloride
S. cerevisiae,Fluconazole,Periciazine
S. cerevisiae,Fluconazole,Perillic Acid
S. cerevisiae,Fluconazole,Phytosphingosine
S. cerevisiae,Fluconazole,Retusin 7-Methyl Ether
S. cerevisiae,Fluconazole,Sodium Fluoroacetate
S. cerevisiae,Fluconazole,Solasodine
S. cerevisiae,Fluconazole,Suloctidil
S. cerevisiae,Fluconazole,Thapsigargin
S. cerevisiae,Fluconazole,Tomatidine
S. cerevisiae,Fluconazole,Xanthurenic Acid
S. cerevisiae,Terbinafine,Aminohydroxybutyric Acid
S. cerevisiae,Terbinafine,Apiin
S. cerevisiae,Terbinafine,Artemisinin
S. cerevisiae,Terbinafine,Bendroflumethiazide
S. cerevisiae,Terbinafine,Benzethonium Chloride
S. cerevisiae,Terbinafine,Bleomycin
S. cerevisiae,Terbinafine,Carbetapentane Citrate
S. cerevisiae,Terbinafine,Catharanthine Base
S. cerevisiae,Terbinafine,Cefamandole Sodium Salt
S. cerevisiae,Terbinafine,Chelidonine (+)
S. cerevisiae,Terbinafine,Chlorhexidine
S. cerevisiae,Terbinafine,Chlorogenic Acid
S. cerevisiae,Terbinafine,Clemizole Hydrochloride
S. cerevisiae,Terbinafine,Cyclosporin A
S. cerevisiae,Terbinafine,Cytisine (-)
S. cerevisiae,Terbinafine,Cytochalasin D
S. cerevisiae,Terbinafine,Dehydroepiandrosterone
S. cerevisiae,Terbinafine,Deoxyandirobin Lactone
S. cerevisiae,Terbinafine,Diphenylpyraline Hydrochloride
S. cerevisiae,Terbinafine,Echinomycin
S. cerevisiae,Terbinafine,Ketoconazole
S. cerevisiae,Terbinafine,L-Phenylalaninol
S. cerevisiae,Terbinafine,Methoxyamine Hydrochloride
S. cerevisiae,Terbinafine,"Methyl 3Beta,12-Dihydroxy-11-Ketoisoallospirostan-3-Hemisuccinate"
S. cerevisiae,Terbinafine,Methyl Benzethonium Chloride
S. cerevisiae,Terbinafine,Mg 624
S. cerevisiae,Terbinafine,Molsidomine
S. cerevisiae,Terbinafine,"Muramic Acid, N-Acetyl"
S. cerevisiae,Terbinafine,N-Acetyldopamine Monohydrate
S. cerevisiae,Terbinafine,Narasin
S. cerevisiae,Terbinafine,Nigericin
S. cerevisiae,Terbinafine,Palmitoyl-Dl-Carnitine Chloride
S. cerevisiae,Terbinafine,Radicicol
S. cerevisiae,Terbinafine,Roxarsone
S. cerevisiae,Terbinafine,Skf 96365
S. cerevisiae,Terbinafine,Sulfadimethoxine
S. cerevisiae,Terbinafine,Suloctidil
S. cerevisiae,Terbinafine,Swainsonine
S. cerevisiae,Terbinafine,Terconazole
S. cerevisiae,Terbinafine,Thapsigargin
S. cerevisiae,Terbinafine,Tomatidine
S. cerevisiae,Terbinafine,Tridesacetoxykhivorin
S. cerevisiae,Terbinafine,Xanthurenic Acid
S. cerevisiae,Terbinafine,Z-L-Phe Chloromethyl Ketone
S. pombe,Amphotericin B,3-Deoxy-3Beta-Hydroxyangolensic Acid Methyl Ester
S. pombe,Amphotericin B,3-Hydroxyflavone
S. pombe,Amphotericin B,3-Prenyl-4-Hydroxyacetophenone
S. pombe,Amphotericin B,4-Acetoxyphenol
S. pombe,Amphotericin B,5Alpha-Cholestan-3Beta-Ol-6-One
S. pombe,Amphotericin B,A-77636 Hydrochloride
S. pombe,Amphotericin B,Alpha-Methyl-L-Tyrosine
S. pombe,Amphotericin B,Apiole
S. pombe,Amphotericin B,Asiatic Acid
S. pombe,Amphotericin B,Aurovertin B
S. pombe,Amphotericin B,Beta-Carotene
S. pombe,Amphotericin B,Bromocriptine Mesylate
S. pombe,Amphotericin B,Catechin Tetramethylether
S. pombe,Amphotericin B,Chaulmosulfone
S. pombe,Amphotericin B,Chromomycin A3
S. pombe,Amphotericin B,Chukrasin Methyl Ether
S. pombe,Amphotericin B,Dantron
S. pombe,Amphotericin B,Deacetylnomilin
S. pombe,Amphotericin B,Deoxysappanone B Trimethyl Ether
S. pombe,Amphotericin B,Derrustone
S. pombe,Amphotericin B,Dictamnine
S. pombe,Amphotericin B,"Dihydrogeduninic Acid, Methyl Ester"
S. pombe,Amphotericin B,Epigallocatechin Octamethyl Ether
S. pombe,Amphotericin B,"Epoxy (2,3Alpha)-7-Deacetoxy-7-Oxodihydroisogedunin"
S. pombe,Amphotericin B,Ergocristine
S. pombe,Amphotericin B,Ergocryptine-Alpha
S. pombe,Amphotericin B,Ergosterol Acetate
S. pombe,Amphotericin B,Erythromycin Estolate
S. pombe,Amphotericin B,Estrone Acetate
S. pombe,Amphotericin B,Euphol
S. pombe,Amphotericin B,Euphol Acetate
S. pombe,Amphotericin B,Fenoldopam Bromide
S. pombe,Amphotericin B,Gossypol
S. pombe,Amphotericin B,Hecogenin Acetate
S. pombe,Amphotericin B,Inosine
S. pombe,Amphotericin B,Lisuride (S)(-)
S. pombe,Amphotericin B,Metacetamol
S. pombe,Amphotericin B,Methoxycarbonylsalicylic Acid
S. pombe,Amphotericin B,Mithramycin A
S. pombe,Amphotericin B,Mj33
S. pombe,Amphotericin B,N-Oleoyldopamine
S. pombe,Amphotericin B,Nicotine Ditartrate
S. pombe,Amphotericin B,Phenylbutyric Acid
S. pombe,Amphotericin B,Rac-2-Ethoxy-3-Octadecanamido-1-Propylphosphocholine
S. pombe,Amphotericin B,Rapamycin
S. pombe,Amphotericin B,Retinoic Acid P-Hydroxyanilide
S. pombe,Amphotericin B,Rifabutin
S. pombe,Amphotericin B,Rifampicin
S. pombe,Amphotericin B,Sarafloxacin Hydrochloride
S. pombe,Amphotericin B,Shikonin
S. pombe,Amphotericin B,Silymarin
S. pombe,Amphotericin B,Teniposide
S. pombe,Amphotericin B,Tetrahydrocortisone
S. pombe,Amphotericin B,Tetrahydrogambogic Acid
S. pombe,Amphotericin B,Tridesacetoxykhivorin
S. pombe,Amphotericin B,U-83836 Dihydrochloride
S. pombe,Amphotericin B,Valeryl Salycilate
S. pombe,Amphotericin B,Valinomycin
S. pombe,Amphotericin B,Warfarin
S. pombe,Benomyl,2-(Alpha-Naphthoyl)Ethyltrimethylammonium Iodide
S. pombe,Benomyl,"2-Ethoxycarbonyl-5,7-Dihydroxy-8,3"",4"",5""-Tetramethoxyisoflavone"
S. pombe,Benomyl,2-Isopropyl-3-Methoxycinnamic Acid
S. pombe,Benomyl,2-Propyl-3-Hydroxyethylenepyran-4-One
S. pombe,Benomyl,"2,3-Dihydroxy-4-Methoxy-4""-Ethoxybenzophenone"
S. pombe,Benomyl,"2,4-Dichlorophenoxyacetic Acid, Isooctyl Ester"
S. pombe,Benomyl,"2,6-Di-T-Butyl-4-Methylphenol"
S. pombe,Benomyl,"3-Chloro-8Beta-Hydroxycarapin, 3,8-Hemiacetal"
S. pombe,Benomyl,"3Beta-Hydroxy-23,24-Bisnorchol-5-Enic Acid"
S. pombe,Benomyl,5Alpha-Cholestan-3Beta-Ol-6-One
S. pombe,Benomyl,"8-Hydroxy-15,16-Bisnor-11-Labden-13-One"
S. pombe,Benomyl,Alanyl-Dl-Leucine
S. pombe,Benomyl,Alizarin
S. pombe,Benomyl,Andirobin
S. pombe,Benomyl,Arthonioic Acid
S. pombe,Benomyl,Atranorin
S. pombe,Benomyl,Avocadyne
S. pombe,Benomyl,Baeomycesic Acid
S. pombe,Benomyl,Benfluralin
S. pombe,Benomyl,Benzyl Benzoate
S. pombe,Benomyl,Beta-Caryophyllene Alcohol
S. pombe,Benomyl,Brucine
S. pombe,Benomyl,Catechin Pentaacetate
S. pombe,Benomyl,Cearoin
S. pombe,Benomyl,Cellobiose (D[+])
S. pombe,Benomyl,Chlorpropham
S. pombe,Benomyl,Dacthal
S. pombe,Benomyl,Dantron
S. pombe,Benomyl,"Deoxysappanone B 7,3""-Dimethyl Ether Acetate"
S. pombe,Benomyl,Dichlorophene
S. pombe,Benomyl,Dihydrolanosterol
S. pombe,Benomyl,Dihydrolonchocarpenin
S. pombe,Benomyl,Enilconazole
S. pombe,Benomyl,Epicoprosterol
S. pombe,Benomyl,Ergosterol
S. pombe,Benomyl,Ergosterol Acetate
S. pombe,Benomyl,Erythromycin Estolate
S. pombe,Benomyl,Gemifloxacin Mesylate
S. pombe,Benomyl,Gentisic Acid
S. pombe,Benomyl,"Ginkgetin, K Salt"
S. pombe,Benomyl,Hecogenin Acetate
S. pombe,Benomyl,Hederacoside C
S. pombe,Benomyl,Hydroxytoluic Acid
S. pombe,Benomyl,Ichthynone
S. pombe,Benomyl,Inosine
S. pombe,Benomyl,Iodipamide
S. pombe,Benomyl,Isoconazole
S. pombe,Benomyl,Isorotenone
S. pombe,Benomyl,Isosafrole
S. pombe,Benomyl,Juglone
S. pombe,Benomyl,Lanosterol
S. pombe,Benomyl,"Mandelic Acid, Methyl Ester"
S. pombe,Benomyl,Medicarpin
S. pombe,Benomyl,Metacetamol
S. pombe,Benomyl,Methoxycarbonylsalicylic Acid
S. pombe,Benomyl,Nonic Acid
S. pombe,Benomyl,Oxfendazole
S. pombe,Benomyl,Pentachlorophenol
S. pombe,Benomyl,Pentamidine Isethionate
S. pombe,Benomyl,Picropodophyllotoxin
S. pombe,Benomyl,Propachlor
S. pombe,Benomyl,Propazine
S. pombe,Benomyl,Rhodocladonic Acid
S. pombe,Benomyl,Safrolglycol
S. pombe,Benomyl,Sanguinarine Sulfate
S. pombe,Benomyl,Sib 1757
S. pombe,Benomyl,Sodium Fluoroacetate
S. pombe,Benomyl,Tetrahydrocortisone
S. pombe,Benomyl,"Tetrahydrocortisone-3,21-Diacetate"
S. pombe,Benomyl,Trandolapril
S. pombe,Benomyl,Triptonide
S. pombe,Benomyl,Umbelliferone
S. pombe,Benomyl,Warfarin
S. pombe,Benomyl,Z-L-Phe Chloromethyl Ketone
S. pombe,Caspofungin,"18-Aminoabieta-8,11,13-Triene Sulfate"
S. pombe,Caspofungin,2-(Alpha-Naphthoyl)Ethyltrimethylammonium Iodide
S. pombe,Caspofungin,"2-Ethoxycarbonyl-5,7-Dihydroxy-8,3"",4"",5""-Tetramethoxyisoflavone"
S. pombe,Caspofungin,2-Isopropyl-3-Methoxycinnamic Acid
S. pombe,Caspofungin,"2,3-Dihydroxy-4-Methoxy-4""-Ethoxybenzophenone"
S. pombe,Caspofungin,"2,6-Di-T-Butyl-4-Methylphenol"
S. pombe,Caspofungin,"3-Chloro-8Beta-Hydroxycarapin, 3,8-Hemiacetal"
S. pombe,Caspofungin,"3Beta-Hydroxy-23,24-Bisnorchol-5-Enic Acid"
S. pombe,Caspofungin,5Alpha-Cholestan-3Beta-Ol-6-One
S. pombe,Caspofungin,"8-Hydroxy-15,16-Bisnor-11-Labden-13-One"
S. pombe,Caspofungin,Alanyl-Dl-Leucine
S. pombe,Caspofungin,Alizarin
S. pombe,Caspofungin,Arthonioic Acid
S. pombe,Caspofungin,Aurovertin B
S. pombe,Caspofungin,Baeomycesic Acid
S. pombe,Caspofungin,Benfluralin
S. pombe,Caspofungin,Benzyl Benzoate
S. pombe,Caspofungin,Brucine
S. pombe,Caspofungin,Cearoin
S. pombe,Caspofungin,Chlorpropham
S. pombe,Caspofungin,Chlorpyrifos
S. pombe,Caspofungin,Chrysophanol
S. pombe,Caspofungin,Cuneatin Methyl Ether
S. pombe,Caspofungin,Dantron
S. pombe,Caspofungin,Deacetylgedunin
S. pombe,Caspofungin,Diallyl Sulfide
S. pombe,Caspofungin,Dichlorophene
S. pombe,Caspofungin,Dimethyl Gambogate
S. pombe,Caspofungin,Enilconazole
S. pombe,Caspofungin,Epicoprosterol
S. pombe,Caspofungin,Ergosterol Acetate
S. pombe,Caspofungin,Erythromycin Estolate
S. pombe,Caspofungin,Eupatoriochromene
S. pombe,Caspofungin,Gemifloxacin Mesylate
S. pombe,Caspofungin,Gentisic Acid
S. pombe,Caspofungin,Guaiazulene
S. pombe,Caspofungin,Halofantrine Hydrochloride
S. pombe,Caspofungin,Hecogenin Acetate
S. pombe,Caspofungin,Ichthynone
S. pombe,Caspofungin,Inosine
S. pombe,Caspofungin,Irigenin Trimethyl Ether
S. pombe,Caspofungin,Isosafrole
S. pombe,Caspofungin,L-Alaninol
S. pombe,Caspofungin,Larixol Acetate
S. pombe,Caspofungin,"Mandelic Acid, Methyl Ester"
S. pombe,Caspofungin,Methoxycarbonylsalicylic Acid
S. pombe,Caspofungin,"Methoxyflavone, 5-"
S. pombe,Caspofungin,Mundulone
S. pombe,Caspofungin,Oxfendazole
S. pombe,Caspofungin,Oxyphencyclimine Hydrochloride
S. pombe,Caspofungin,Pentachlorophenol
S. pombe,Caspofungin,Pentamidine Isethionate
S. pombe,Caspofungin,Phenylbutyric Acid
S. pombe,Caspofungin,"Phorbol 12-Myristate 13-Acetate, 4-Alpha -"
S. pombe,Caspofungin,Propazine
S. pombe,Caspofungin,Rapamycin
S. pombe,Caspofungin,Safrolglycol
S. pombe,Caspofungin,Sodium Fluoroacetate
S. pombe,Caspofungin,"Stigmasta-4,22-Dien-3-One"
S. pombe,Caspofungin,Tetrahydrocortisone
S. pombe,Caspofungin,Tridesacetoxykhivorin
S. pombe,Caspofungin,Tschimganine
S. pombe,Caspofungin,Umbelliferone
S. pombe,Caspofungin,Valinomycin
S. pombe,Cyprodinil,"1,3-Dideacetylkhivorin"
S. pombe,Cyprodinil,"18-Aminoabieta-8,11,13-Triene Sulfate"
S. pombe,Cyprodinil,2-(Alpha-Naphthoyl)Ethyltrimethylammonium Iodide
S. pombe,Cyprodinil,"2-Ethoxycarbonyl-5,7-Dihydroxy-8,3"",4"",5""-Tetramethoxyisoflavone"
S. pombe,Cyprodinil,2-Isopropyl-3-Methoxycinnamic Acid
S. pombe,Cyprodinil,"2,3-Dihydroxy-4-Methoxy-4""-Ethoxybenzophenone"
S. pombe,Cyprodinil,"2,4-Dichlorophenoxyacetic Acid"
S. pombe,Cyprodinil,"2,4-Dichlorophenoxyacetic Acid, Isooctyl Ester"
S. pombe,Cyprodinil,"2,6-Di-T-Butyl-4-Methylphenol"
S. pombe,Cyprodinil,"3-Chloro-8Beta-Hydroxycarapin, 3,8-Hemiacetal"
S. pombe,Cyprodinil,3Beta-Acetoxydeoxodihydrogedunin
S. pombe,Cyprodinil,"3Beta-Hydroxy-23,24-Bisnorchol-5-Enic Acid"
S. pombe,Cyprodinil,5Alpha-Cholestan-3Beta-Ol-6-One
S. pombe,Cyprodinil,7-Deshydroxypyrogallin-4-Carboxylic Acid
S. pombe,Cyprodinil,"8-Hydroxy-15,16-Bisnor-11-Labden-13-One"
S. pombe,Cyprodinil,Alanyl-Dl-Leucine
S. pombe,Cyprodinil,Alizarin
S. pombe,Cyprodinil,Arthonioic Acid
S. pombe,Cyprodinil,Atrazine
S. pombe,Cyprodinil,Baeomycesic Acid
S. pombe,Cyprodinil,Benfluralin
S. pombe,Cyprodinil,Benzyl Benzoate
S. pombe,Cyprodinil,Beta-Caryophyllene Alcohol
S. pombe,Cyprodinil,Brucine
S. pombe,Cyprodinil,Catechin Pentaacetate
S. pombe,Cyprodinil,Cearoin
S. pombe,Cyprodinil,Cellobiose (D[+])
S. pombe,Cyprodinil,Chlorpropham
S. pombe,Cyprodinil,Cuneatin Methyl Ether
S. pombe,Cyprodinil,Dacthal
S. pombe,Cyprodinil,Dantron
S. pombe,Cyprodinil,Dehydroabietamide
S. pombe,Cyprodinil,"Deoxysappanone B 7,3""-Dimethyl Ether Acetate"
S. pombe,Cyprodinil,Dichlorophene
S. pombe,Cyprodinil,Epicatechin Monogallate
S. pombe,Cyprodinil,Epicatechin Pentaacetate
S. pombe,Cyprodinil,Epicoprosterol
S. pombe,Cyprodinil,Ergosterol
S. pombe,Cyprodinil,Ergosterol Acetate
S. pombe,Cyprodinil,Erythromycin Estolate
S. pombe,Cyprodinil,Erythromycin Stearate
S. pombe,Cyprodinil,Estrone Acetate
S. pombe,Cyprodinil,Flavanone
S. pombe,Cyprodinil,Gentisic Acid
S. pombe,Cyprodinil,"Ginkgetin, K Salt"
S. pombe,Cyprodinil,Guaiazulene
S. pombe,Cyprodinil,Homidium Bromide
S. pombe,Cyprodinil,Ichthynone
S. pombe,Cyprodinil,Inosine
S. pombe,Cyprodinil,Isorotenone
S. pombe,Cyprodinil,Isosafrole
S. pombe,Cyprodinil,Juglone
S. pombe,Cyprodinil,Lanosterol
S. pombe,Cyprodinil,"Mandelic Acid, Methyl Ester"
S. pombe,Cyprodinil,Metacetamol
S. pombe,Cyprodinil,Methoxycarbonylsalicylic Acid
S. pombe,Cyprodinil,Nonic Acid
S. pombe,Cyprodinil,Oxfendazole
S. pombe,Cyprodinil,Pentachlorophenol
S. pombe,Cyprodinil,Propachlor
S. pombe,Cyprodinil,Propazine
S. pombe,Cyprodinil,Rhodocladonic Acid
S. pombe,Cyprodinil,Safrolglycol
S. pombe,Cyprodinil,Sanguinarine Sulfate
S. pombe,Cyprodinil,Sodium Fluoroacetate
S. pombe,Cyprodinil,"Stigmasta-4,22-Dien-3-One"
S. pombe,Cyprodinil,Tetrahydrocortisone
S. pombe,Cyprodinil,"Tetrahydrocortisone-3,21-Diacetate"
S. pombe,Cyprodinil,"Totarol-19-Carboxylic Acid, Methyl Ester"
S. pombe,Cyprodinil,Triptonide
S. pombe,Cyprodinil,Umbelliferone
S. pombe,Cyprodinil,Warfarin
S. pombe,Fluconazole,"3Beta-Hydroxy-23,24-Bisnorchol-5-Enic Acid"
S. pombe,Fluconazole,Adenosine Amine Congener
S. pombe,Fluconazole,Alizarin
S. pombe,Fluconazole,Artemisinin
S. pombe,Fluconazole,Aurovertin B
S. pombe,Fluconazole,Benfluralin
S. pombe,Fluconazole,Beta-Caryophyllene Alcohol
S. pombe,Fluconazole,Biochanin A
S. pombe,Fluconazole,Butamben
S. pombe,Fluconazole,Butylparaben
S. pombe,Fluconazole,Catechin Tetramethylether
S. pombe,Fluconazole,Chlorogenic Acid
S. pombe,Fluconazole,Clemastine
S. pombe,Fluconazole,Clomiphene Citrate
S. pombe,Fluconazole,Crassin Acetate
S. pombe,Fluconazole,"Dihydroxy-4""-Methoxy-Chalcone, 2"",6""-"
S. pombe,Fluconazole,Dioxybenzone
S. pombe,Fluconazole,Enilconazole
S. pombe,Fluconazole,Ergosterol Acetate
S. pombe,Fluconazole,Erythromycin
S. pombe,Fluconazole,Euparin
S. pombe,Fluconazole,Galangine
S. pombe,Fluconazole,Gbr 12909 Dihydrochloride
S. pombe,Fluconazole,Gbr-12935 Dihydrochloride
S. pombe,Fluconazole,Halofantrine Hydrochloride
S. pombe,Fluconazole,Hexylresorcinol
S. pombe,Fluconazole,Isoconazole
S. pombe,Fluconazole,Isosafrole
S. pombe,Fluconazole,Ketoconazole
S. pombe,Fluconazole,L-Alaninol
S. pombe,Fluconazole,"Methylorsellinic Acid, Ethyl Ester"
S. pombe,Fluconazole,Mj33
S. pombe,Fluconazole,Monobenzone
S. pombe,Fluconazole,Naftifine Hydrochloride
S. pombe,Fluconazole,"Orsellinic Acid, Ethyl Ester"
S. pombe,Fluconazole,Pentachlorophenol
S. pombe,Fluconazole,Pentamidine Isethionate
S. pombe,Fluconazole,Phenazopyridine Hydrochloride
S. pombe,Fluconazole,Picropodophyllotoxin
S. pombe,Fluconazole,Retusin 7-Methyl Ether
S. pombe,Fluconazole,Rottlerin
S. pombe,Fluconazole,Safrolglycol
S. pombe,Fluconazole,Solasodine
S. pombe,Fluconazole,Suloctidil
S. pombe,Fluconazole,Tetrahydrocortisone
S. pombe,Fluconazole,Tolnaftate
S. pombe,Fluconazole,Tomatidine
S. pombe,Terbinafine,2-(Alpha-Naphthoyl)Ethyltrimethylammonium Iodide
S. pombe,Terbinafine,"2-Ethoxycarbonyl-5,7-Dihydroxy-8,3"",4"",5""-Tetramethoxyisoflavone"
S. pombe,Terbinafine,2-Propyl-3-Hydroxyethylenepyran-4-One
S. pombe,Terbinafine,"2,3-Dihydroxy-4-Methoxy-4""-Ethoxybenzophenone"
S. pombe,Terbinafine,"2,6-Di-T-Butyl-4-Methylphenol"
S. pombe,Terbinafine,Alizarin
S. pombe,Terbinafine,Andirobin
S. pombe,Terbinafine,Atranorin
S. pombe,Terbinafine,Baeomycesic Acid
S. pombe,Terbinafine,Benfluralin
S. pombe,Terbinafine,Benzyl Benzoate
S. pombe,Terbinafine,Brucine
S. pombe,Terbinafine,Cearoin
S. pombe,Terbinafine,Chelidonine (+)
S. pombe,Terbinafine,Chlorogenic Acid
S. pombe,Terbinafine,Chlorpropham
S. pombe,Terbinafine,Dacthal
S. pombe,Terbinafine,Dichlorophene
S. pombe,Terbinafine,Dihydrolanosterol
S. pombe,Terbinafine,Dihydrolonchocarpenin
S. pombe,Terbinafine,Enilconazole
S. pombe,Terbinafine,Ergosterol Acetate
S. pombe,Terbinafine,Hederacoside C
S. pombe,Terbinafine,Ichthynone
S. pombe,Terbinafine,Inosine
S. pombe,Terbinafine,Isoconazole
S. pombe,Terbinafine,Juglone
S. pombe,Terbinafine,Ketoconazole
S. pombe,Terbinafine,Medicarpin
S. pombe,Terbinafine,Methoxycarbonylsalicylic Acid
S. pombe,Terbinafine,"Muramic Acid, N-Acetyl"
S. pombe,Terbinafine,Nonic Acid
S. pombe,Terbinafine,Pentachlorophenol
S. pombe,Terbinafine,Picropodophyllotoxin
S. pombe,Terbinafine,Propazine
S. pombe,Terbinafine,Safrolglycol
S. pombe,Terbinafine,Solasodine
S. pombe,Terbinafine,Suloctidil
S. pombe,Terbinafine,Tetrahydrocortisone
S. pombe,Terbinafine,Tomatidine
S. pombe,Terbinafine,Umbelliferone
